City,Cloudiness,Country,Date,Humidity,Lat,Lng,Max Temp,Wind Speed
atuona,7,PF,1567728909.0,68.0,-9.8,-139.03,79.33,6.49
kapaa,40,US,1567729001.0,59.0,22.08,-159.32,89.6,16.11
vaini,100,IN,1567729001.0,93.0,15.34,74.49,76.63,8.08
teahupoo,75,PF,1567729002.0,54.0,-17.83,-149.27,82.4,9.17
solnechnyy,100,RU,1567729002.0,89.0,50.72,136.64,61.87,1.99
bluff,0,AU,1567729002.0,15.0,-23.58,149.07,78.61,6.29
punta arenas,0,CL,1567729003.0,86.0,-53.16,-70.91,37.4,5.82
butaritari,60,KI,1567728909.0,72.0,3.07,172.79,84.73,12.5
meulaboh,43,ID,1567729003.0,82.0,4.14,96.13,81.85,8.57
kasane,0,BW,1567729004.0,33.0,-17.8,25.16,63.67,5.64
san patricio,100,PY,1567729004.0,90.0,-26.98,-56.83,56.65,5.57
pisco,0,PE,1567729004.0,30.0,-13.71,-76.2,71.6,18.34
mataura,88,NZ,1567729004.0,72.0,-46.19,168.86,48.0,13.0
mehamn,100,NO,1567729005.0,87.0,71.03,27.85,47.47,14.36
ambilobe,60,MG,1567729005.0,86.0,-13.19,49.05,67.27,3.69
hobart,75,AU,1567728764.0,81.0,-42.88,147.33,51.01,1.12
airai,93,TL,1567729005.0,48.0,-8.93,125.41,79.15,2.55
sao joao da barra,100,BR,1567729005.0,81.0,-21.64,-41.05,65.83,12.66
ponta do sol,73,BR,1567729006.0,77.0,-20.63,-46.0,68.17,11.95
faanui,45,PF,1567729006.0,80.0,-16.48,-151.75,75.73,23.22
merauke,100,ID,1567729006.0,80.0,-8.49,140.4,73.75,16.22
jizan,0,SA,1567729006.0,75.0,16.89,42.56,89.6,5.28
geraldton,90,CA,1567729007.0,100.0,49.72,-86.95,50.0,4.7
lohardaga,75,IN,1567729007.0,94.0,23.43,84.68,77.0,1.88
busselton,12,AU,1567729007.0,66.0,-33.64,115.35,44.01,12.24
rikitea,100,PF,1567729007.0,77.0,-23.12,-134.97,68.53,18.95
south lake tahoe,40,US,1567729008.0,31.0,38.93,-119.98,84.2,13.87
limerick,75,IE,1567729008.0,76.0,52.66,-8.63,57.2,23.04
nome,1,US,1567729008.0,44.0,30.04,-94.42,93.2,5.06
sitka,0,US,1567729008.0,30.0,37.17,-99.65,91.99,8.01
prince rupert,1,CA,1567729009.0,82.0,54.32,-130.32,59.0,5.82
point fortin,20,TT,1567729009.0,74.0,10.16,-61.68,84.2,5.82
mitsamiouli,4,KM,1567729009.0,72.0,-11.38,43.28,76.99,6.11
ushuaia,20,AR,1567728919.0,69.0,-54.81,-68.31,37.4,11.41
hermanus,0,ZA,1567729009.0,81.0,-34.42,19.24,55.99,13.0
bredasdorp,5,ZA,1567729010.0,71.0,-34.53,20.04,55.99,13.87
shymkent,90,KZ,1567729010.0,51.0,42.31,69.59,59.0,2.24
georgetown,20,GY,1567728848.0,70.0,6.8,-58.16,84.2,9.17
lorengau,91,PG,1567729010.0,83.0,-2.02,147.27,79.87,9.6
jamestown,95,AU,1567729010.0,85.0,-33.21,138.6,49.09,21.65
tuktoyaktuk,40,CA,1567729011.0,76.0,69.44,-133.03,50.0,4.7
ovalle,100,CL,1567728827.0,81.0,-30.6,-71.2,48.55,1.52
lata,95,IN,1567728761.0,93.0,30.78,78.62,45.67,1.28
mahibadhoo,71,MV,1567729011.0,76.0,3.78,72.97,83.11,8.86
hay river,75,CA,1567729011.0,76.0,60.82,-115.79,57.2,8.05
albany,1,US,1567729007.0,72.0,42.65,-73.75,63.0,3.36
ahipara,81,NZ,1567729012.0,100.0,-35.17,173.16,57.99,33.38
vangaindrano,0,MG,1567729012.0,95.0,-23.35,47.6,62.95,2.55
kaitangata,100,NZ,1567729012.0,69.0,-46.28,169.85,46.99,11.01
morondava,0,MG,1567729012.0,80.0,-20.3,44.28,71.41,14.32
guerrero negro,0,MX,1567729012.0,77.0,27.97,-114.04,75.19,9.69
tiksi,100,RU,1567729013.0,77.0,71.64,128.87,40.63,6.49
candolim,75,IN,1567728732.0,94.0,15.52,73.76,78.8,13.87
xining,95,CN,1567729013.0,82.0,36.62,101.77,51.79,1.86
inhambane,0,MZ,1567729013.0,96.0,-23.87,35.38,63.31,4.0
port alfred,69,ZA,1567729013.0,70.0,-33.59,26.89,55.99,3.0
kabalo,35,CD,1567729014.0,45.0,-6.05,26.92,76.45,1.14
kruisfontein,2,ZA,1567729014.0,85.0,-34.0,24.73,46.93,8.75
castro,90,CL,1567729014.0,81.0,-42.48,-73.76,44.6,3.53
mar del plata,95,AR,1567729015.0,75.0,-46.43,-67.52,39.19,11.72
vestmannaeyjar,93,IS,1567729015.0,86.0,63.44,-20.27,49.81,3.31
pascagoula,1,US,1567729015.0,70.0,30.37,-88.56,95.0,5.64
mookane,32,BW,1567729015.0,29.0,-23.68,26.66,62.59,8.55
clyde river,75,CA,1567729015.0,86.0,70.47,-68.59,41.0,1.97
port elizabeth,90,US,1567729016.0,78.0,39.31,-74.98,73.4,5.82
port-gentil,75,GA,1567729016.0,88.0,-0.72,8.78,77.0,12.75
caravelas,0,BR,1567729016.0,78.0,-17.73,-39.27,74.83,9.04
dingle,77,PH,1567729016.0,80.0,11.0,122.67,81.31,7.85
touros,20,BR,1567728903.0,83.0,-5.2,-35.46,77.0,6.93
hilo,90,US,1567729017.0,62.0,19.71,-155.08,86.0,9.17
puerto ayora,20,EC,1567729017.0,69.0,-0.74,-90.35,75.2,21.92
tasiilaq,31,GL,1567729017.0,65.0,65.61,-37.64,44.6,9.17
richards bay,100,ZA,1567729017.0,70.0,-28.77,32.06,66.37,19.86
chiang klang,40,TH,1567729018.0,94.0,19.29,100.86,77.0,1.74
cape town,0,ZA,1567728896.0,71.0,-33.93,18.42,60.01,8.05
olinda,20,AU,1567729018.0,54.0,-37.84,145.39,57.99,11.41
shalya,8,RU,1567729018.0,98.0,57.25,58.73,40.45,4.07
puerto maldonado,0,PE,1567729018.0,334.0,-12.59,-69.19,33.8,2.51
sioux lookout,90,CA,1567729018.0,93.0,50.1,-91.92,57.2,3.36
ewa beach,20,US,1567728873.0,49.0,21.32,-158.01,91.4,11.41
saskylakh,100,RU,1567729019.0,96.0,71.97,114.09,43.87,11.21
new norfolk,75,AU,1567729019.0,81.0,-42.78,147.06,51.01,1.12
dhidhdhoo,97,MV,1567729019.0,80.0,6.88,73.1,82.39,12.73
codrington,0,AU,1567729019.0,82.0,-28.95,153.24,75.99,5.82
kestel,0,TR,1567728980.0,82.0,40.2,29.21,64.4,10.09
calafell,40,ES,1567729020.0,45.0,41.2,1.57,71.01,10.29
torbay,90,CA,1567729020.0,88.0,47.66,-52.73,68.0,9.17
hasaki,40,JP,1567729020.0,83.0,35.73,140.83,80.6,2.24
bowen,38,AU,1567729021.0,50.0,-20.01,148.25,80.01,6.93
norman wells,75,CA,1567729021.0,71.0,65.28,-126.83,57.2,13.87
san cristobal,24,HN,1567729022.0,61.0,14.68,-86.92,76.63,7.14
mapiripan,78,CO,1567729022.0,89.0,2.89,-72.13,76.99,3.11
east london,85,ZA,1567728773.0,80.0,-33.02,27.91,51.61,3.67
hofn,94,IS,1567729023.0,94.0,64.25,-15.21,32.53,1.92
barrow,100,AR,1567729024.0,69.0,-38.31,-60.23,39.37,8.03
yining,0,CN,1567729024.0,79.0,29.04,114.56,75.01,1.68
lebu,40,ET,1567729024.0,93.0,8.96,38.73,53.6,3.36
pokhara,100,NP,1567729024.0,96.0,28.21,83.99,56.11,1.68
pevek,38,RU,1567729024.0,75.0,69.7,170.27,42.61,1.21
moranbah,0,AU,1567729025.0,14.0,-22.0,148.04,81.13,14.5
nowy dwor gdanski,0,PL,1567729025.0,76.0,54.21,19.12,55.99,11.41
alyangula,27,AU,1567729025.0,69.0,-13.85,136.42,75.2,10.8
yarada,90,IN,1567729025.0,94.0,17.65,83.27,80.6,10.29
kabinda,66,CD,1567729026.0,51.0,-6.14,24.49,77.17,3.0
linkoping,0,SE,1567729026.0,87.0,58.41,15.62,51.8,5.82
portland,40,US,1567729026.0,72.0,43.66,-70.25,62.6,4.7
rio gallegos,0,AR,1567729006.0,65.0,-51.62,-69.22,41.0,5.82
morden,1,CA,1567728888.0,53.0,49.19,-98.1,73.4,6.93
longyearbyen,75,NO,1567729027.0,74.0,78.22,15.63,37.4,13.87
tangermunde,3,DE,1567729027.0,75.0,52.54,11.98,53.01,7.7
ribeira grande,74,PT,1567729027.0,80.0,38.52,-28.7,71.05,14.45
mahebourg,20,MU,1567729027.0,88.0,-20.41,57.7,68.0,4.85
gat,20,SN,1567729027.0,88.0,14.69,-16.54,82.4,1.12
sakaiminato,75,JP,1567729028.0,70.0,35.55,133.23,84.2,6.93
esperance,33,AU,1567729028.0,86.0,-33.86,121.89,39.2,8.05
la primavera,0,AR,1567729028.0,40.0,-32.92,-68.67,51.8,2.24
sorland,100,NO,1567729028.0,78.0,67.67,12.69,50.17,15.41
upernavik,0,GL,1567729028.0,76.0,72.79,-56.15,39.73,5.5
antofagasta,75,CL,1567728912.0,71.0,-23.65,-70.4,57.2,11.41
hami,31,CN,1567729029.0,36.0,42.84,93.51,68.89,12.03
garh maharaja,7,PK,1567729029.0,34.0,30.83,71.9,94.45,13.62
fort nelson,40,CA,1567729029.0,32.0,58.81,-122.69,69.8,2.24
zarya,75,RU,1567729030.0,77.0,44.89,37.47,68.0,15.66
victoria,75,BN,1567729030.0,94.0,5.28,115.24,80.6,2.24
rumonge,18,BI,1567729031.0,45.0,-3.97,29.44,68.71,5.57
te anau,100,NZ,1567728971.0,90.0,-45.41,167.72,40.27,8.93
auki,59,NG,1567729031.0,90.0,12.18,6.51,74.47,6.42
praia da vitoria,75,PT,1567729031.0,77.0,38.73,-27.07,69.8,18.52
owando,32,CG,1567729031.0,95.0,-0.49,15.91,71.23,3.2
dikson,100,RU,1567729031.0,98.0,73.51,80.55,43.33,11.83
mikhaylovka,95,RU,1567729032.0,83.0,52.96,103.29,48.37,3.76
nabire,33,ID,1567729032.0,73.0,-3.36,135.5,76.63,5.39
tabou,60,CI,1567729032.0,95.0,4.42,-7.36,73.75,2.93
saint-philippe,1,CA,1567729032.0,87.0,45.36,-73.48,66.2,5.95
bang saphan,20,TH,1567729033.0,100.0,11.21,99.51,75.2,6.8
jaciara,28,BR,1567729033.0,24.0,-15.95,-54.98,81.31,2.13
grants,1,US,1567729033.0,12.0,35.15,-107.85,87.8,4.7
buala,69,SB,1567729033.0,78.0,-8.15,159.59,79.69,16.33
santa cruz de tenerife,90,ES,1567729034.0,88.0,28.47,-16.25,70.0,20.8
cabo san lucas,75,MX,1567728770.0,58.0,22.89,-109.91,90.0,12.75
jumla,100,NP,1567729034.0,95.0,29.28,82.18,55.03,1.99
bethel,90,US,1567728999.0,100.0,60.79,-161.76,55.4,27.51
eureka,90,US,1567728765.0,77.0,40.8,-124.16,68.0,9.17
kungurtug,100,RU,1567729035.0,94.0,50.6,97.53,40.99,2.21
sorong,82,ID,1567729035.0,72.0,-0.86,131.25,81.13,8.99
black river,20,JM,1567728909.0,74.0,18.03,-77.85,86.0,8.05
port antonio,20,JM,1567729035.0,66.0,18.18,-76.45,86.0,14.99
hamilton,20,CA,1567728748.0,56.0,43.26,-79.87,68.0,5.82
tottori,75,JP,1567729036.0,78.0,35.5,134.23,86.0,6.93
leningradskiy,72,RU,1567729036.0,85.0,69.38,178.42,43.51,3.15
thompson,90,CA,1567729036.0,54.0,55.74,-97.86,53.6,4.7
pangnirtung,44,CA,1567729036.0,65.0,66.15,-65.72,37.93,2.39
nanortalik,100,GL,1567729036.0,86.0,60.14,-45.24,42.97,3.94
plettenberg bay,0,ZA,1567729037.0,80.0,-34.05,23.37,48.73,4.45
dunedin,100,NZ,1567728930.0,80.0,-45.87,170.5,46.99,21.0
yellowknife,75,CA,1567729037.0,81.0,62.45,-114.38,51.8,9.17
lida,0,BY,1567729037.0,86.0,53.9,25.3,54.31,7.78
rock springs,75,US,1567729037.0,31.0,41.59,-109.2,75.2,17.22
ngawen,87,ID,1567729038.0,79.0,-7.02,111.3,72.31,6.04
avarua,86,CK,1567728916.0,61.0,-21.21,-159.78,78.8,25.28
porto velho,20,BR,1567728839.0,83.0,-8.75,-63.87,78.8,1.12
vanimo,51,PG,1567729039.0,70.0,-2.67,141.3,79.87,1.23
lasa,40,CY,1567729039.0,83.0,34.92,32.53,77.0,4.7
saint george,20,GR,1567729039.0,77.0,39.45,22.34,66.2,1.34
qaanaaq,82,GL,1567729039.0,56.0,77.48,-69.36,29.83,6.49
weihai,100,CN,1567729039.0,42.0,37.5,122.11,78.01,7.0
provideniya,75,RU,1567729040.0,76.0,64.42,-173.23,51.8,2.24
monrovia,75,LR,1567729040.0,94.0,6.33,-10.8,77.0,5.7
thunder bay,90,CA,1567728994.0,100.0,48.41,-89.26,57.0,6.93
camacha,75,PT,1567729040.0,68.0,33.08,-16.33,71.6,13.87
ajaccio,90,FR,1567729040.0,77.0,41.93,8.74,71.6,4.7
westport,1,US,1567728869.0,82.0,41.14,-73.36,69.01,3.47
namie,40,JP,1567729041.0,88.0,37.52,140.86,81.0,3.36
husavik,54,CA,1567729041.0,77.0,50.56,-96.99,68.0,9.6
luderitz,0,NA,1567729041.0,59.0,-26.65,15.16,60.8,13.87
talnakh,75,RU,1567729041.0,93.0,69.49,88.39,50.0,15.66
cherskiy,92,RU,1567729042.0,56.0,68.75,161.3,48.73,6.71
yumen,28,CN,1567729042.0,31.0,40.29,97.04,68.71,5.88
belmonte,0,PT,1567729042.0,51.0,40.36,-7.35,70.0,8.01
coihaique,75,CL,1567728804.0,74.0,-45.58,-72.07,35.6,5.82
nacala,2,MZ,1567729043.0,97.0,-14.56,40.69,65.83,5.41
alpena,1,US,1567729043.0,67.0,45.06,-83.43,61.0,4.7
beringovskiy,59,RU,1567729043.0,66.0,63.05,179.32,52.87,1.77
san quintin,91,PH,1567729044.0,85.0,17.54,120.52,79.69,9.42
alofi,40,NU,1567729044.0,83.0,-19.06,-169.92,80.6,11.41
russell,1,US,1567729044.0,38.0,38.9,-98.86,93.2,12.75
koszalin,12,PL,1567729044.0,58.0,54.19,16.18,60.01,26.31
shingu,40,JP,1567729045.0,78.0,33.72,135.99,82.4,8.05
maymyo,40,MM,1567729045.0,88.0,22.03,96.47,78.8,8.05
katsuura,40,JP,1567729045.0,83.0,33.93,134.5,86.0,11.41
leshukonskoye,100,RU,1567729045.0,93.0,64.9,45.76,48.55,5.44
bougouni,84,ML,1567729045.0,87.0,11.42,-7.49,72.67,1.83
hohhot,0,CN,1567729046.0,58.0,40.81,111.65,59.0,4.47
boyuibe,90,BO,1567729046.0,55.0,-20.43,-63.28,66.2,3.98
chapais,75,CA,1567729046.0,57.0,49.78,-74.86,50.0,6.93
buta,100,CD,1567729046.0,99.0,2.79,24.73,69.43,1.83
atambua,96,ID,1567729046.0,73.0,-9.11,124.89,74.65,8.5
laguna,40,BZ,1567729047.0,70.0,16.17,-88.94,87.8,6.93
palauig,100,PH,1567729047.0,81.0,15.44,119.9,83.29,22.46
vilhena,0,BR,1567729047.0,62.0,-12.74,-60.15,84.2,5.82
chokurdakh,100,RU,1567729047.0,72.0,70.62,147.9,38.11,4.21
ozernovskiy,100,RU,1567729048.0,89.0,51.5,156.52,51.07,8.03
yar-sale,0,RU,1567729048.0,93.0,66.83,70.83,48.01,11.05
lompoc,1,US,1567729048.0,56.0,34.64,-120.46,87.8,5.82
mishkino,0,RU,1567729048.0,81.0,56.22,46.62,51.8,2.24
kargasok,93,RU,1567729049.0,82.0,59.06,80.87,42.79,4.36
chuka,98,KE,1567729049.0,81.0,-0.33,37.65,60.43,3.44
shache,65,CN,1567729049.0,77.0,38.42,77.24,73.0,1.28
eastbourne,0,GB,1567729049.0,76.0,54.52,-1.53,59.0,9.17
kishi,71,NG,1567729050.0,95.0,9.08,3.85,71.95,3.29
ancud,90,CL,1567729027.0,81.0,-41.87,-73.83,44.6,8.57
gobabis,0,NA,1567729050.0,22.0,-22.45,18.97,57.2,6.4
guhagar,100,IN,1567729050.0,84.0,17.48,73.19,81.13,15.57
faaborg,2,DK,1567729051.0,81.0,55.1,10.24,53.6,8.05
sangar,40,RU,1567729051.0,60.0,63.92,127.47,48.55,1.25
arraial do cabo,75,BR,1567729051.0,93.0,-22.97,-42.02,64.4,9.17
marawi,100,PH,1567729051.0,78.0,8.0,124.29,79.0,4.0
saldanha,0,PT,1567729052.0,54.0,41.42,-6.55,59.53,11.81
haines junction,7,CA,1567729052.0,38.0,60.75,-137.51,57.19,4.54
soubre,97,CI,1567729052.0,99.0,5.79,-6.61,71.41,3.22
manyoni,30,TZ,1567729052.0,73.0,-5.75,34.84,61.33,5.88
kloulklubed,75,PW,1567729053.0,83.0,7.04,134.26,82.4,14.99
dalby,0,AU,1567729053.0,11.0,-27.18,151.26,80.6,20.8
vardo,90,US,1567729053.0,60.0,39.62,-77.74,73.0,6.93
barranco,100,BR,1567729053.0,97.0,-20.59,-41.2,62.77,5.86
takoradi,51,GH,1567729054.0,96.0,4.89,-1.75,73.57,4.25
fairbanks,75,US,1567729027.0,51.0,64.84,-147.72,64.99,5.82
the pas,90,CA,1567729054.0,100.0,53.82,-101.24,55.4,3.36
port blair,100,IN,1567729054.0,81.0,11.67,92.75,81.85,23.87
carnarvon,0,ZA,1567729054.0,68.0,-30.97,22.13,46.39,13.31
uyemskiy,20,RU,1567729055.0,93.0,64.47,40.85,51.8,4.47
santa cruz,10,BR,1567728898.0,75.0,-6.22,-36.02,71.77,16.15
kudahuvadhoo,0,MV,1567729055.0,71.0,2.67,72.89,83.83,7.07
khatanga,100,RU,1567729055.0,98.0,71.98,102.47,46.39,4.29
muli,27,CN,1567729056.0,74.0,28.08,109.56,72.31,3.13
lingdong,0,CN,1567729056.0,76.0,28.06,114.24,78.07,1.95
lakheri,72,IN,1567729056.0,80.0,25.67,76.19,82.21,3.29
sao filipe,100,CV,1567729056.0,83.0,14.9,-24.5,80.05,16.24
ovsyanka,40,RU,1567729056.0,54.0,53.58,126.91,61.33,2.39
vilyuysk,62,RU,1567729057.0,76.0,63.75,121.63,46.39,5.44
pervomayskoye,0,RU,1567729057.0,95.0,57.07,86.23,42.61,5.79
nadvoitsy,90,RU,1567729057.0,90.0,63.89,34.27,55.03,9.4
messina,20,IT,1567728788.0,83.0,38.19,15.55,77.0,3.36
pokrovsk,87,RU,1567729057.0,91.0,61.48,129.14,50.89,2.15
birjand,0,IR,1567729023.0,24.0,32.86,59.22,68.0,13.87
itupiranga,0,BR,1567729058.0,62.0,-5.13,-49.33,86.0,3.36
cartagena,20,ES,1567729058.0,73.0,37.63,-1.0,77.0,5.82
neuquen,0,AR,1567729058.0,45.0,-38.95,-68.06,46.4,13.87
tiznit,0,MA,1567729059.0,86.0,29.7,-9.73,67.45,2.21
vrangel,100,RU,1567729059.0,94.0,42.73,133.08,69.25,2.68
hakkari,0,FI,1567729059.0,93.0,61.34,23.75,55.0,6.93
dalvik,0,SE,1567729060.0,100.0,57.79,14.13,50.0,6.93
lingyuan,0,CN,1567729060.0,43.0,41.24,119.4,70.69,1.3
mortka,56,RU,1567729060.0,95.0,59.33,66.02,44.23,4.07
qianan,0,CN,1567729060.0,78.0,44.99,124.06,71.95,5.84
klaksvik,100,FO,1567729061.0,93.0,62.23,-6.59,48.2,1.12
bambous virieux,20,MU,1567729061.0,88.0,-20.34,57.76,68.0,4.85
chabahar,47,IR,1567729061.0,82.0,25.29,60.65,80.59,4.74
west helena,12,US,1567729061.0,78.0,34.55,-90.64,87.8,4.7
kailua,1,US,1567729061.0,52.0,21.39,-157.74,91.4,20.8
kavieng,34,PG,1567729062.0,78.0,-2.57,150.8,81.85,16.4
ossora,100,RU,1567729062.0,90.0,59.24,163.07,48.73,4.23
grand gaube,20,MU,1567729062.0,88.0,-20.01,57.66,68.0,10.2
sundsvall,0,SE,1567729062.0,100.0,62.39,17.31,48.99,3.36
karratha,0,AU,1567729063.0,32.0,-20.74,116.85,66.73,2.55
sept-iles,20,CA,1567729045.0,50.0,50.2,-66.38,53.6,6.93
freeport,1,BS,1567728975.0,80.0,26.54,-78.7,84.37,19.04
tommot,99,RU,1567729064.0,96.0,58.97,126.27,46.93,2.59
casa nova,4,BR,1567729064.0,34.0,-16.03,-44.16,73.93,10.6
pemba,10,MZ,1567729064.0,86.0,-12.97,40.52,74.47,9.86
princeton,1,US,1567728876.0,56.0,40.35,-74.66,71.6,4.7
kodiak,1,US,1567729064.0,70.0,39.95,-94.76,87.01,6.93
dilla,100,ET,1567729065.0,67.0,6.41,38.31,73.39,6.46
aykhal,90,RU,1567729065.0,100.0,65.95,111.51,33.8,6.71
deputatskiy,64,RU,1567729065.0,63.0,69.3,139.9,42.61,3.04
vertientes,75,CU,1567729066.0,74.0,21.26,-78.15,86.0,10.29
chalus,20,IR,1567729066.0,88.0,36.66,51.42,69.8,4.7
jiwani,97,PK,1567729066.0,80.0,25.05,61.74,82.39,5.26
humaita,0,AR,1567729066.0,66.0,-24.93,-65.37,57.2,2.24
olesno,0,PL,1567729066.0,87.0,50.88,18.42,60.01,3.36
paulinia,75,BR,1567729067.0,77.0,-22.76,-47.15,64.99,23.04
itambacuri,1,BR,1567729067.0,71.0,-18.04,-41.68,69.97,6.04
hithadhoo,79,MV,1567729067.0,78.0,-0.6,73.08,82.75,15.03
komsomolskiy,95,RU,1567729067.0,95.0,67.55,63.78,49.45,5.77
talas,17,KG,1567729068.0,52.0,42.52,72.24,46.03,3.4
kaihua,0,CN,1567729068.0,87.0,29.14,118.41,75.55,2.01
ust-nera,64,RU,1567729068.0,72.0,64.57,143.24,37.57,5.79
shitanjing,0,CN,1567729068.0,56.0,39.23,106.34,71.59,9.24
wanaka,94,NZ,1567729069.0,83.0,-44.7,169.14,39.37,4.05
palmas de monte alto,0,BR,1567729069.0,30.0,-14.26,-43.16,74.65,7.18
cockburn town,22,TC,1567728952.0,78.0,21.46,-71.14,83.65,14.97
turukhansk,100,RU,1567729069.0,85.0,65.8,87.96,49.81,5.99
kalang,0,AU,1567729069.0,36.0,-30.51,152.69,75.2,6.93
dabola,95,GN,1567729069.0,97.0,10.74,-11.11,67.99,1.86
waipawa,100,NZ,1567729070.0,88.0,-39.94,176.59,50.0,8.39
grimshaw,40,CA,1567729070.0,42.0,56.19,-117.61,70.0,4.7
aklavik,75,CA,1567729070.0,93.0,68.22,-135.01,55.4,3.36
paamiut,100,GL,1567729070.0,70.0,61.99,-49.67,43.51,6.58
severo-kurilsk,100,RU,1567729071.0,97.0,50.68,156.12,50.35,15.61
verkh-chebula,1,RU,1567729071.0,92.0,56.03,87.61,43.51,4.23
knysna,0,ZA,1567729071.0,76.0,-34.04,23.05,50.0,9.17
avera,1,US,1567729071.0,55.0,33.19,-82.53,89.6,5.82
souillac,0,FR,1567729071.0,66.0,45.6,-0.6,55.99,14.25
guarapari,75,BR,1567728963.0,94.0,-20.67,-40.5,71.6,18.34
eirunepe,71,BR,1567729072.0,62.0,-6.66,-69.87,79.87,1.9
namibe,91,AO,1567729072.0,91.0,-15.19,12.15,63.31,3.98
sabla,15,NG,1567729072.0,72.0,12.75,4.71,80.41,8.66
yeppoon,0,AU,1567729072.0,29.0,-23.13,150.74,78.8,9.17
wajima,0,JP,1567729073.0,74.0,37.4,136.9,80.6,4.7
adrar,40,DZ,1567729073.0,50.0,27.87,-0.29,77.0,18.34
chipata,38,ZM,1567729073.0,48.0,-13.64,32.65,64.21,4.25
tecoanapa,75,MX,1567729073.0,66.0,16.99,-99.26,87.8,8.05
belaya gora,64,RU,1567729074.0,53.0,68.54,146.19,46.39,6.38
watrous,4,CA,1567728821.0,46.0,51.67,-105.46,68.17,12.28
gucheng,35,CN,1567729074.0,64.0,32.27,111.65,73.75,1.63
rolla,1,US,1567728774.0,54.0,37.95,-91.77,86.0,3.56
lengshuitan,12,CN,1567729074.0,66.0,26.41,111.6,78.79,2.28
acajutla,59,SV,1567729074.0,67.0,13.59,-89.83,85.63,3.33
alibag,90,IN,1567729075.0,94.0,18.64,72.88,80.6,8.05
havre-saint-pierre,40,CA,1567729050.0,87.0,50.23,-63.6,48.2,18.34
odlabari,81,IN,1567729075.0,91.0,26.83,88.62,71.59,3.0
hosakote,100,IN,1567729075.0,86.0,16.06,75.46,73.21,17.38
okhotsk,47,RU,1567729075.0,41.0,59.36,143.24,61.51,24.52
taltal,50,CL,1567729076.0,68.0,-25.41,-70.49,52.69,2.35
nikolskoye,0,RU,1567729076.0,82.0,59.7,30.79,59.0,6.71
port lincoln,60,AU,1567729076.0,68.0,-34.72,135.86,54.31,32.44
sosua,20,DO,1567729076.0,74.0,19.77,-70.52,89.6,19.98
port keats,59,AU,1567729077.0,72.0,-14.25,129.55,78.43,2.91
los llanos de aridane,75,ES,1567729077.0,83.0,28.66,-17.92,73.4,16.11
portobelo,40,PA,1567729077.0,78.0,9.55,-79.65,82.4,4.7
kiama,0,AU,1567729077.0,63.0,-34.67,150.86,68.0,5.82
xai-xai,17,MZ,1567729077.0,83.0,-25.04,33.64,67.81,13.73
mujiayingzi,24,CN,1567729078.0,40.0,42.12,118.78,68.89,2.39
kamaishi,75,JP,1567729078.0,94.0,39.28,141.86,71.6,2.24
can tho,75,VN,1567729078.0,100.0,10.04,105.78,78.8,5.82
sembakung,85,ID,1567729078.0,91.0,3.82,117.25,77.53,1.14
nyurba,96,RU,1567729078.0,84.0,63.29,118.35,45.31,6.24
ganzhou,0,CN,1567729079.0,84.0,25.86,114.93,76.63,4.16
viedma,100,AR,1567729079.0,74.0,-40.81,-62.99,40.99,10.51
saint-georges,79,CA,1567729079.0,84.0,46.12,-70.67,57.0,3.89
luganville,75,VU,1567729079.0,61.0,-15.51,167.18,77.0,14.99
naze,100,NG,1567729080.0,96.0,5.43,7.07,73.93,3.87
terra santa,96,BR,1567729080.0,58.0,-2.1,-56.49,82.03,4.72
kodinar,100,IN,1567729080.0,96.0,20.79,70.7,77.17,5.66
nyimba,0,ZM,1567729080.0,50.0,-14.56,30.81,66.19,1.52
biak,100,ID,1567729081.0,92.0,-0.91,122.88,64.57,4.0
valdemarpils,75,LV,1567729081.0,72.0,57.37,22.59,62.6,16.11
pacifica,75,US,1567729081.0,82.0,37.61,-122.49,73.4,11.41
lanzhou,0,CN,1567729081.0,100.0,36.06,103.82,53.6,4.47
wattegama,90,LK,1567729082.0,86.0,7.35,80.68,71.77,2.75
rantepao,49,ID,1567729009.0,88.0,-2.97,119.9,63.49,2.04
yurgamysh,79,RU,1567729082.0,95.0,55.37,64.47,45.85,10.56
kasimov,100,RU,1567729082.0,82.0,54.94,41.4,56.47,5.79
cidreira,11,BR,1567729082.0,69.0,-30.17,-50.22,54.67,10.85
tateyama,40,JP,1567729083.0,58.0,36.66,137.31,86.0,8.05
terra roxa,0,BR,1567728844.0,64.0,-20.79,-48.33,69.8,18.34
boddam,100,GB,1567729083.0,81.0,57.47,-1.78,51.8,8.05
rawson,100,AR,1567729083.0,94.0,-43.3,-65.11,36.49,16.33
salisbury,0,GB,1567729047.0,81.0,51.07,-1.8,54.0,1.12
sabang,76,PH,1567729084.0,74.0,13.8,121.11,84.99,9.1
piet retief,100,ZA,1567729084.0,86.0,-27.01,30.81,50.89,7.36
athabasca,0,CA,1567728904.0,50.0,54.72,-113.29,65.11,7.02
tautira,75,PF,1567729084.0,54.0,-17.73,-149.15,82.4,9.17
pirajui,0,BR,1567729084.0,87.0,-22.0,-49.46,60.8,19.46
byron bay,0,AU,1567729084.0,64.0,-28.65,153.62,81.0,14.99
mayo,40,CA,1567728948.0,45.0,63.59,-135.9,62.6,10.29
coruripe,18,BR,1567729085.0,97.0,-10.12,-36.18,69.43,4.76
lagoa,0,PT,1567729085.0,94.0,37.14,-8.45,73.99,2.24
sosnovo-ozerskoye,100,RU,1567729085.0,94.0,52.53,111.54,51.43,8.57
bayburt,26,TR,1567729086.0,93.0,40.26,40.22,46.39,1.95
pundaguitan,98,PH,1567729086.0,77.0,6.37,126.17,82.57,3.24
hervey bay,0,AU,1567729086.0,38.0,-25.3,152.85,86.0,12.75
barddhaman,100,IN,1567729086.0,96.0,23.25,87.85,78.25,7.43
xingyi,100,CN,1567729087.0,95.0,24.19,102.82,60.79,2.06
sambava,12,MG,1567729087.0,83.0,-14.27,50.17,64.57,3.78
swan hill,99,AU,1567729087.0,76.0,-35.34,143.56,50.89,17.96
tsaratanana,0,MG,1567729087.0,85.0,-16.8,47.65,57.55,6.31
sao luis,40,BR,1567729088.0,96.0,4.43,-61.14,67.27,2.44
beloha,0,MG,1567729088.0,94.0,-25.17,45.06,65.11,6.33
itaberaba,2,BR,1567729088.0,75.0,-12.52,-40.31,70.69,6.98
kang,56,BW,1567729088.0,29.0,-23.67,22.79,60.79,5.21
burgos,75,ES,1567729088.0,87.0,42.34,-3.7,50.0,8.05
salinas,1,US,1567729077.0,56.0,36.67,-121.66,84.99,13.87
boditi,95,ET,1567729089.0,91.0,6.95,37.86,63.13,2.1
robe,88,ET,1567729089.0,86.0,7.12,40.01,48.55,3.8
la ronge,75,CA,1567728942.0,63.0,55.1,-105.3,60.8,21.92
haimen,60,CN,1567729089.0,69.0,31.87,121.18,84.99,9.28
salamiyah,0,SY,1567729090.0,92.0,35.01,37.05,66.37,5.84
montalvo,0,ES,1567729090.0,71.0,40.62,-5.41,66.0,12.75
dibulla,40,CO,1567729090.0,74.0,11.27,-73.31,86.0,17.22
constitucion,75,MX,1567729090.0,49.0,23.99,-104.67,71.6,5.82
lumeje,0,AO,1567729090.0,23.0,-11.56,20.78,66.91,3.58
kayes,35,ML,1567729091.0,73.0,14.44,-11.44,82.93,8.39
lagos,100,NG,1567729091.0,91.0,6.46,3.39,76.09,6.24
narsaq,100,GL,1567728940.0,79.0,60.91,-46.05,46.4,8.05
denia,0,ES,1567729091.0,80.0,38.84,0.11,75.99,18.5
pirovskoye,89,RU,1567729092.0,97.0,57.63,92.27,43.69,4.0
pradopolis,0,BR,1567729092.0,64.0,-21.36,-48.07,69.8,18.34
soyo,82,AO,1567729092.0,88.0,-6.13,12.37,73.21,9.17
talara,54,PE,1567729092.0,90.0,-4.58,-81.27,62.23,11.52
ambon,0,FR,1567729092.0,81.0,47.55,-2.56,55.0,8.05
makakilo city,20,US,1567729093.0,49.0,21.35,-158.09,91.4,11.41
kampene,41,CD,1567729093.0,83.0,-3.59,26.67,71.95,2.28
salalah,75,OM,1567729093.0,88.0,17.01,54.1,78.8,3.36
aksarka,0,RU,1567729093.0,95.0,66.56,67.8,47.47,8.84
saint-pierre,0,FR,1567729094.0,76.0,48.95,4.24,50.0,5.82
emporia,1,US,1567728906.0,55.0,38.4,-96.18,89.6,10.29
vila franca do campo,75,PT,1567729094.0,72.0,37.72,-25.43,71.01,5.82
assiniboia,0,CA,1567729094.0,35.0,49.63,-105.99,72.85,14.56
nizwa,65,OM,1567729095.0,33.0,22.93,57.53,85.45,3.31
kahului,20,US,1567729040.0,55.0,20.89,-156.47,91.4,19.46
jining,0,CN,1567729095.0,75.0,35.41,116.58,72.49,2.06
hoquiam,1,US,1567729095.0,64.0,46.98,-123.89,82.0,8.05
tigre,0,AR,1567729095.0,71.0,-34.42,-58.58,51.01,13.87
cananeia,100,BR,1567729095.0,92.0,-25.01,-47.93,57.19,2.39
amuntai,79,ID,1567729096.0,71.0,-2.42,115.25,79.15,1.61
krasnokamensk,33,RU,1567729096.0,78.0,50.1,118.04,61.87,3.6
bonfim,52,GY,1567729096.0,74.0,3.36,-59.84,79.87,5.17
jalu,0,LY,1567729096.0,74.0,29.03,21.55,73.75,8.57
yulara,0,AU,1567729097.0,46.0,-25.24,130.99,53.6,17.22
tromso,100,NO,1567729097.0,100.0,69.65,18.96,46.4,8.05
zhuhai,0,CN,1567729097.0,58.0,40.71,112.04,59.0,4.47
fortuna,90,US,1567729097.0,77.0,40.6,-124.16,75.99,12.75
franklin,1,US,1567729097.0,57.0,35.93,-86.87,82.4,9.17
qaqortoq,100,GL,1567729098.0,79.0,60.72,-46.03,46.4,8.05
bathsheba,20,BB,1567729036.0,78.0,13.22,-59.52,82.4,4.7
sondrio,75,IT,1567729098.0,82.0,46.17,9.88,66.0,11.41
omsukchan,100,RU,1567729098.0,93.0,62.53,155.8,42.43,1.7
kaoma,0,ZM,1567729098.0,27.0,-14.8,24.8,62.41,7.67
suluq,0,LY,1567729099.0,69.0,31.67,20.25,78.43,3.11
comendador,75,HT,1567729099.0,70.0,18.88,-71.71,87.8,9.17
chuy,53,UY,1567729099.0,79.0,-33.69,-53.46,49.27,9.42
panama city,1,US,1567729099.0,74.0,30.16,-85.65,91.99,16.11
woodward,1,US,1567729099.0,24.0,36.43,-99.39,93.2,10.29
grindavik,90,IS,1567729100.0,100.0,63.84,-22.43,51.8,2.24
nieuw amsterdam,20,SR,1567729100.0,74.0,5.88,-55.08,84.2,10.29
pimentel,17,BR,1567729100.0,83.0,-3.7,-45.5,75.91,3.33
hayden,1,US,1567729100.0,17.0,47.77,-116.79,89.6,5.82
manado,20,ID,1567729068.0,74.0,1.49,124.85,80.6,3.36
de-kastri,89,RU,1567729101.0,86.0,51.48,140.77,63.67,2.8
nioro,41,GM,1567729101.0,86.0,13.79,-15.05,77.71,4.9
sungairaya,34,ID,1567729101.0,78.0,0.7,108.9,81.13,18.34
kutum,35,SD,1567729101.0,65.0,14.2,24.66,74.65,9.69
hambantota,68,LK,1567729102.0,82.0,6.12,81.12,81.13,16.04
coutances,40,FR,1567729102.0,81.0,49.05,-1.45,55.4,3.36
lavrentiya,95,RU,1567729102.0,84.0,65.58,-170.99,47.29,6.31
filadelfia,100,PY,1567729102.0,41.0,-22.35,-60.04,69.97,4.63
anadyr,75,RU,1567729102.0,71.0,64.73,177.51,50.0,2.24
lalibela,17,ET,1567729103.0,83.0,12.04,39.05,55.57,0.98
mikhaylov,58,RU,1567728872.0,67.0,54.23,39.03,60.25,8.01
lahij,90,YE,1567729103.0,41.0,13.06,44.88,89.05,6.26
newport,71,GB,1567729094.0,81.0,51.59,-3.0,57.2,6.93
garowe,52,SO,1567729103.0,66.0,8.41,48.48,75.01,31.41
pakdasht,0,IR,1567729104.0,31.0,35.48,51.68,75.2,4.7
neiafu,40,TO,1567729104.0,65.0,-18.65,-173.98,78.8,3.36
calvinia,0,ZA,1567729104.0,54.0,-31.47,19.78,53.05,11.39
haverfordwest,97,GB,1567728934.0,82.0,51.8,-4.97,59.0,19.46
kendari,10,ID,1567729105.0,70.0,-3.99,122.52,79.15,3.8
vaitape,45,PF,1567729105.0,80.0,-16.52,-151.75,75.73,23.22
ebeltoft,30,DK,1567729105.0,76.0,56.2,10.68,50.0,10.29
price,1,US,1567729001.0,18.0,39.6,-110.81,87.8,13.87
bandarbeyla,47,SO,1567729106.0,70.0,9.49,50.81,75.73,26.06
poronaysk,87,RU,1567729106.0,90.0,49.22,143.1,63.85,2.24
znamenskoye,100,RU,1567729106.0,86.0,57.13,73.82,45.49,7.83
kamenka,0,MD,1567729106.0,89.0,48.03,28.7,48.99,2.8
nuevo progreso,75,US,1567729106.0,88.0,26.05,-97.95,87.8,3.36
cayenne,0,GF,1567729107.0,83.0,4.94,-52.33,80.6,6.93
natal,0,BR,1567729107.0,78.0,-5.81,-35.21,77.0,10.29
itarema,0,BR,1567729107.0,86.0,-2.92,-39.92,75.37,5.44
nelson bay,40,AU,1567729107.0,87.0,-32.72,152.14,70.0,8.05
sayyan,96,YE,1567729108.0,49.0,15.17,44.32,75.19,2.28
masuguru,2,MZ,1567729108.0,83.0,-11.38,38.46,67.27,2.26
huaihua,17,CN,1567729108.0,79.0,27.56,109.96,72.31,2.04
marzuq,100,YE,1567729108.0,26.0,14.4,46.47,84.01,7.47
pucallpa,40,PE,1567729109.0,331.0,-8.38,-74.54,35.6,4.7
juba,20,EE,1567729109.0,82.0,57.82,26.93,60.8,5.82
lobatse,69,BW,1567729109.0,30.0,-25.21,25.68,68.0,10.29
miandrivazo,17,MG,1567729109.0,83.0,-19.53,45.46,65.29,2.26
simbahan,50,PH,1567729110.0,81.0,6.3,120.58,82.75,10.71
limulunga,0,ZM,1567729110.0,20.0,-15.13,23.15,62.95,4.12
bonavista,66,CA,1567729110.0,81.0,48.65,-53.11,64.0,5.99
yingkou,15,CN,1567729110.0,83.0,40.67,122.24,73.75,11.74
honghu,0,CN,1567729111.0,76.0,29.82,113.46,75.19,5.77
monte alegre,56,BR,1567729111.0,63.0,-2.0,-54.07,81.49,3.87
estelle,0,FR,1567729111.0,39.0,43.97,3.47,66.2,13.87
kuching,75,MY,1567729111.0,94.0,1.56,110.34,77.0,2.24
meridian,1,US,1567728919.0,19.0,43.61,-116.39,99.0,3.96
hailar,17,CN,1567729112.0,78.0,49.2,119.7,64.03,6.04
bud,67,NO,1567729112.0,81.0,62.91,6.91,48.2,10.29
pitimbu,0,BR,1567729112.0,88.0,-7.47,-34.81,75.2,6.93
fare,90,PF,1567729112.0,80.0,-16.7,-151.02,74.65,22.75
rosario do sul,0,BR,1567729113.0,82.0,-30.26,-54.91,48.01,12.01
jishou,52,CN,1567729113.0,85.0,28.26,109.7,68.89,2.13
mandalgovi,99,MN,1567729113.0,56.0,45.76,106.27,64.75,7.56
valparaiso,1,US,1567729113.0,63.0,41.47,-87.06,70.0,4.7
koumac,0,NC,1567729114.0,67.0,-20.56,164.28,68.53,11.45
nerchinskiy zavod,0,RU,1567729114.0,79.0,51.31,119.61,59.71,2.39
north bend,90,US,1567729114.0,88.0,43.41,-124.22,66.0,6.93
jasper,75,US,1567729114.0,39.0,33.83,-87.28,84.99,6.85
cacapava do sul,12,BR,1567729114.0,86.0,-30.51,-53.49,45.49,9.84
dauphin,75,CA,1567728847.0,60.0,51.15,-100.04,71.6,8.05
isangel,40,VU,1567729115.0,64.0,-19.55,169.27,75.2,5.82
manaure,40,CO,1567729115.0,74.0,11.78,-72.45,86.0,17.22
plerin,0,FR,1567729115.0,81.0,48.54,-2.78,53.01,2.24
bambanglipuro,95,ID,1567729115.0,84.0,-7.95,110.28,73.75,7.56
estrela,59,BR,1567729116.0,75.0,-29.5,-51.96,54.0,1.01
sungaipenuh,0,ID,1567729116.0,85.0,-2.08,101.38,72.13,1.57
sao jose da coroa grande,9,BR,1567729116.0,96.0,-8.9,-35.15,70.51,4.54
sai buri,79,TH,1567729116.0,92.0,6.7,101.62,75.55,1.74
stromness,20,CA,1567729116.0,77.0,42.87,-79.55,68.0,6.93
iqaluit,40,CA,1567729117.0,81.0,63.75,-68.52,42.8,2.24
goderich,38,CA,1567729117.0,66.0,43.74,-81.71,60.01,6.93
purranque,90,CL,1567728890.0,81.0,-40.91,-73.16,46.4,3.36
paka,92,CF,1567729117.0,98.0,4.15,15.03,67.27,0.13
kavaratti,97,IN,1567729117.0,80.0,10.57,72.64,82.57,20.62
billings,20,US,1567729042.0,16.0,45.79,-108.5,91.4,6.93
chudniv,0,UA,1567729118.0,78.0,50.05,28.12,53.23,0.83
kirakira,24,SB,1567729118.0,64.0,-10.46,161.92,77.89,14.14
bonthe,100,SL,1567729118.0,92.0,7.53,-12.5,76.81,7.78
fuerte,100,PH,1567729119.0,81.0,17.54,120.36,82.93,23.67
tiarei,75,PF,1567729119.0,54.0,-17.53,-149.33,82.4,9.17
roebourne,0,AU,1567729119.0,33.0,-20.77,117.15,68.71,4.65
aksu,90,KZ,1567729119.0,93.0,52.04,76.93,53.6,6.71
margate,75,AU,1567729120.0,81.0,-43.03,147.26,51.01,1.12
ilulissat,41,GL,1567729120.0,69.0,69.22,-51.1,39.2,2.24
erzin,0,TR,1567729120.0,83.0,36.95,36.2,79.0,3.36
mangrol,90,IN,1567729120.0,80.0,25.33,76.51,82.03,4.59
elbistan,0,TR,1567729120.0,34.0,38.2,37.19,57.55,4.54
amahai,6,ID,1567729121.0,83.0,-3.31,129.0,76.81,9.51
moerai,99,PF,1567729121.0,70.0,-22.43,-151.33,67.81,27.4
rancho palos verdes,20,US,1567729108.0,65.0,33.75,-118.37,96.8,13.87
torres,90,BR,1567729122.0,77.0,-29.34,-49.73,45.85,4.74
boa vista,0,BR,1567729005.0,66.0,2.82,-60.67,86.0,4.7
chihuahua,75,MX,1567729067.0,50.0,28.66,-106.08,79.0,4.7
los algarrobos,0,EC,1567729122.0,83.0,-3.25,-79.94,89.6,6.93
carlos chagas,11,BR,1567729122.0,67.0,-17.7,-40.76,71.59,9.62
muncar,83,ID,1567729122.0,83.0,-8.43,114.34,73.21,1.83
troina,20,IT,1567729123.0,94.0,37.79,14.6,73.99,4.7
balkanabat,0,TM,1567729123.0,26.0,39.51,54.36,73.39,4.45
tingi,18,TZ,1567729123.0,55.0,-11.3,35.03,67.27,6.89
khorixas,0,NA,1567729123.0,45.0,-20.37,14.96,55.39,3.87
port hardy,75,CA,1567728904.0,82.0,50.7,-127.42,59.0,3.36
ribeira brava,40,PT,1567729124.0,68.0,32.65,-17.07,71.6,17.22
harper,90,US,1567729124.0,33.0,30.3,-99.24,91.4,5.82
matay,16,EG,1567729124.0,43.0,28.42,30.79,78.25,4.63
trinidad,75,BO,1567729125.0,57.0,-14.83,-64.9,78.8,2.13
tura,14,RU,1567729125.0,63.0,64.27,100.22,38.83,3.91
marolambo,5,MG,1567729125.0,77.0,-20.05,48.13,54.67,2.39
deer lake,40,CA,1567729125.0,71.0,49.18,-57.43,55.4,11.41
orativ,0,UA,1567729125.0,85.0,49.19,29.53,53.95,2.48
omboue,100,GA,1567729126.0,86.0,-1.57,9.26,74.65,11.03
lazaro cardenas,75,MX,1567729126.0,50.0,28.39,-105.62,80.01,4.7
lundazi,0,ZM,1567729126.0,51.0,-12.29,33.17,65.83,9.64
mount isa,8,AU,1567729126.0,30.0,-20.73,139.49,80.6,9.17
bondoukou,43,CI,1567729126.0,96.0,8.04,-2.8,71.23,1.81
